{
  "num_val_pairs": 2000,
  "baseline": {
    "rmse_L": 0.2117153312645326,
    "rmse_C": 0.055460946503471206,
    "rmse_H": 0.2275525269604523,
    "weighted_rmse": 0.3801352813118639
  },
  "model": {
    "rmse_L": 0.16786594608535937,
    "rmse_C": 0.04731602134353674,
    "rmse_H": 0.18937968837343086,
    "weighted_rmse": 0.30734577263151897
  },
  "delta": {
    "rmse_L": 0.04384938517917322,
    "rmse_C": 0.008144925159934466,
    "rmse_H": 0.038172838587021446,
    "weighted_rmse": 0.07278950868034495
  }
}