{
  "num_val_pairs": 16400,
  "baseline": {
    "rmse_L": 0.21015269892773503,
    "rmse_C": 0.05543627501145611,
    "rmse_H": 0.25496978448858165,
    "weighted_rmse": 0.3954884136387853
  },
  "model": {
    "rmse_L": 0.16826513876376378,
    "rmse_C": 0.04661357562465336,
    "rmse_H": 0.1987411191110271,
    "weighted_rmse": 0.3135237976683697
  },
  "delta": {
    "rmse_L": 0.041887560163971244,
    "rmse_C": 0.008822699386802746,
    "rmse_H": 0.056228665377554554,
    "weighted_rmse": 0.0819646159704156
  }
}